-- Automatically generated by SQLQueryTestSuite
-- !query
SELECT * 
FROM   subquery_emp AS emp 
WHERE  EXISTS (SELECT dept.dept_id 
               FROM   subquery_dept AS dept 
               WHERE  emp.dept_id = dept.dept_id 
               ORDER  BY state) 
ORDER  BY hiredate
-- !query schema
struct<id:int,emp_name:string,hiredate:date,salary:double,dept_id:int>
-- !query output
300	emp 3	2002-01-01	300.0	20
200	emp 2	2003-01-01	200.0	10
100	emp 1	2005-01-01	100.0	10
100	emp 1	2005-01-01	100.0	10
400	emp 4	2005-01-01	400.0	30
800	emp 8	2016-01-01	150.0	70


-- !query
SELECT id, 
       hiredate 
FROM   subquery_emp AS emp 
WHERE  EXISTS (SELECT dept.dept_id 
               FROM   subquery_dept AS dept 
               WHERE  emp.dept_id = dept.dept_id 
               ORDER  BY state) 
ORDER  BY hiredate DESC
-- !query schema
struct<id:int,hiredate:date>
-- !query output
800	2016-01-01
100	2005-01-01
100	2005-01-01
400	2005-01-01
200	2003-01-01
300	2002-01-01


-- !query
SELECT *
FROM   subquery_emp AS emp
WHERE  EXISTS (SELECT dept.dept_id
               FROM   subquery_dept AS dept
               WHERE  emp.dept_id = dept.dept_id
               ORDER  BY state
               LIMIT 1)
ORDER  BY hiredate
-- !query schema
struct<id:int,emp_name:string,hiredate:date,salary:double,dept_id:int>
-- !query output
300	emp 3	2002-01-01	300.0	20
200	emp 2	2003-01-01	200.0	10
100	emp 1	2005-01-01	100.0	10
100	emp 1	2005-01-01	100.0	10
400	emp 4	2005-01-01	400.0	30
800	emp 8	2016-01-01	150.0	70


-- !query
SELECT *
FROM   subquery_emp AS emp
WHERE  EXISTS (SELECT dept.dept_id
               FROM   subquery_dept AS dept
               WHERE  emp.dept_id = dept.dept_id
               ORDER  BY state
               LIMIT 0)
ORDER  BY hiredate
-- !query schema
struct<id:int,emp_name:string,hiredate:date,salary:double,dept_id:int>
-- !query output



-- !query
SELECT * 
FROM   subquery_emp AS emp 
WHERE  NOT EXISTS (SELECT dept.dept_id 
                   FROM   subquery_dept AS dept 
                   WHERE  emp.dept_id = dept.dept_id 
                   ORDER  BY state) 
ORDER  BY hiredate
-- !query schema
struct<id:int,emp_name:string,hiredate:date,salary:double,dept_id:int>
-- !query output
500	emp 5	2001-01-01	400.0	NULL
600	emp 6 - no dept	2001-01-01	400.0	100
700	emp 7	2010-01-01	400.0	100


-- !query
SELECT emp_name 
FROM   subquery_emp AS emp 
WHERE  NOT EXISTS (SELECT max(dept.dept_id) a 
                   FROM   subquery_dept AS dept 
                   WHERE  dept.dept_id = emp.dept_id 
                   GROUP  BY state 
                   ORDER  BY state)
-- !query schema
struct<emp_name:string>
-- !query output
emp 5
emp 6 - no dept
emp 7


-- !query
SELECT count(*) 
FROM   subquery_emp AS emp 
WHERE  NOT EXISTS (SELECT max(dept.dept_id) a 
                   FROM   subquery_dept AS dept 
                   WHERE  dept.dept_id = emp.dept_id 
                   GROUP  BY dept_id 
                   ORDER  BY dept_id)
-- !query schema
struct<count(1):bigint>
-- !query output
3


-- !query
SELECT *
FROM   subquery_emp AS emp
WHERE  NOT EXISTS (SELECT dept.dept_id
                   FROM   subquery_dept AS dept
                   WHERE  emp.dept_id = dept.dept_id
                   ORDER  BY state
                   LIMIT 1)
ORDER  BY hiredate
-- !query schema
struct<id:int,emp_name:string,hiredate:date,salary:double,dept_id:int>
-- !query output
500	emp 5	2001-01-01	400.0	NULL
600	emp 6 - no dept	2001-01-01	400.0	100
700	emp 7	2010-01-01	400.0	100


-- !query
SELECT *
FROM   subquery_emp AS emp
WHERE  NOT EXISTS (SELECT dept.dept_id
                   FROM   subquery_dept AS dept
                   WHERE  emp.dept_id = dept.dept_id
                   ORDER  BY state
                   LIMIT 0)
ORDER  BY hiredate
-- !query schema
struct<id:int,emp_name:string,hiredate:date,salary:double,dept_id:int>
-- !query output
500	emp 5	2001-01-01	400.0	NULL
600	emp 6 - no dept	2001-01-01	400.0	100
300	emp 3	2002-01-01	300.0	20
200	emp 2	2003-01-01	200.0	10
100	emp 1	2005-01-01	100.0	10
100	emp 1	2005-01-01	100.0	10
400	emp 4	2005-01-01	400.0	30
700	emp 7	2010-01-01	400.0	100
800	emp 8	2016-01-01	150.0	70


-- !query
SELECT * 
FROM   subquery_emp AS emp 
WHERE  EXISTS (SELECT dept.dept_name 
               FROM   subquery_dept AS dept 
               WHERE  dept.dept_id > 10 
               LIMIT  1)
-- !query schema
struct<id:int,emp_name:string,hiredate:date,salary:double,dept_id:int>
-- !query output
100	emp 1	2005-01-01	100.0	10
100	emp 1	2005-01-01	100.0	10
200	emp 2	2003-01-01	200.0	10
300	emp 3	2002-01-01	300.0	20
400	emp 4	2005-01-01	400.0	30
500	emp 5	2001-01-01	400.0	NULL
600	emp 6 - no dept	2001-01-01	400.0	100
700	emp 7	2010-01-01	400.0	100
800	emp 8	2016-01-01	150.0	70


-- !query
SELECT * 
FROM   subquery_emp AS emp 
WHERE  EXISTS (SELECT max(dept.dept_id) 
               FROM   subquery_dept AS dept 
               GROUP  BY state 
               LIMIT  1)
-- !query schema
struct<id:int,emp_name:string,hiredate:date,salary:double,dept_id:int>
-- !query output
100	emp 1	2005-01-01	100.0	10
100	emp 1	2005-01-01	100.0	10
200	emp 2	2003-01-01	200.0	10
300	emp 3	2002-01-01	300.0	20
400	emp 4	2005-01-01	400.0	30
500	emp 5	2001-01-01	400.0	NULL
600	emp 6 - no dept	2001-01-01	400.0	100
700	emp 7	2010-01-01	400.0	100
800	emp 8	2016-01-01	150.0	70


-- !query
SELECT * 
FROM   subquery_emp AS emp 
WHERE  NOT EXISTS (SELECT dept.dept_name 
                   FROM   subquery_dept AS dept 
                   WHERE  dept.dept_id > 100 
                   LIMIT  1)
-- !query schema
struct<id:int,emp_name:string,hiredate:date,salary:double,dept_id:int>
-- !query output
100	emp 1	2005-01-01	100.0	10
100	emp 1	2005-01-01	100.0	10
200	emp 2	2003-01-01	200.0	10
300	emp 3	2002-01-01	300.0	20
400	emp 4	2005-01-01	400.0	30
500	emp 5	2001-01-01	400.0	NULL
600	emp 6 - no dept	2001-01-01	400.0	100
700	emp 7	2010-01-01	400.0	100
800	emp 8	2016-01-01	150.0	70


-- !query
SELECT * 
FROM   subquery_emp AS emp 
WHERE  NOT EXISTS (SELECT max(dept.dept_id) 
                   FROM   subquery_dept AS dept 
                   WHERE  dept.dept_id > 100 
                   GROUP  BY state 
                   LIMIT  1)
-- !query schema
struct<id:int,emp_name:string,hiredate:date,salary:double,dept_id:int>
-- !query output
100	emp 1	2005-01-01	100.0	10
100	emp 1	2005-01-01	100.0	10
200	emp 2	2003-01-01	200.0	10
300	emp 3	2002-01-01	300.0	20
400	emp 4	2005-01-01	400.0	30
500	emp 5	2001-01-01	400.0	NULL
600	emp 6 - no dept	2001-01-01	400.0	100
700	emp 7	2010-01-01	400.0	100
800	emp 8	2016-01-01	150.0	70


-- !query
SELECT emp_name
FROM   subquery_emp AS emp
WHERE  NOT EXISTS (SELECT max(dept.dept_id) a
                   FROM   subquery_dept AS dept
                   WHERE  dept.dept_id = emp.dept_id
                   GROUP  BY state
                   ORDER  BY state
                   LIMIT 2
                   OFFSET 1)
-- !query schema
struct<emp_name:string>
-- !query output
emp 1
emp 1
emp 2
emp 5
emp 6 - no dept
emp 7


-- !query
SELECT *
FROM   subquery_emp AS emp
WHERE  EXISTS (SELECT dept.dept_name
               FROM   subquery_dept AS dept
               WHERE  dept.dept_id > 10
               LIMIT  1
               OFFSET 2)
-- !query schema
struct<id:int,emp_name:string,hiredate:date,salary:double,dept_id:int>
-- !query output
100	emp 1	2005-01-01	100.0	10
100	emp 1	2005-01-01	100.0	10
200	emp 2	2003-01-01	200.0	10
300	emp 3	2002-01-01	300.0	20
400	emp 4	2005-01-01	400.0	30
500	emp 5	2001-01-01	400.0	NULL
600	emp 6 - no dept	2001-01-01	400.0	100
700	emp 7	2010-01-01	400.0	100
800	emp 8	2016-01-01	150.0	70


-- !query
SELECT *
FROM   subquery_emp AS emp
WHERE  EXISTS (SELECT dept.dept_name
               FROM   subquery_dept AS dept
               WHERE  dept.dept_id > emp.dept_id
               LIMIT  1)
-- !query schema
struct<id:int,emp_name:string,hiredate:date,salary:double,dept_id:int>
-- !query output
100	emp 1	2005-01-01	100.0	10
100	emp 1	2005-01-01	100.0	10
200	emp 2	2003-01-01	200.0	10
300	emp 3	2002-01-01	300.0	20
400	emp 4	2005-01-01	400.0	30


-- !query
SELECT *
FROM   subquery_emp AS emp
WHERE  EXISTS (SELECT max(dept.dept_id)
               FROM   subquery_dept AS dept
               GROUP  BY state
               LIMIT  1
               OFFSET 2)
-- !query schema
struct<id:int,emp_name:string,hiredate:date,salary:double,dept_id:int>
-- !query output
100	emp 1	2005-01-01	100.0	10
100	emp 1	2005-01-01	100.0	10
200	emp 2	2003-01-01	200.0	10
300	emp 3	2002-01-01	300.0	20
400	emp 4	2005-01-01	400.0	30
500	emp 5	2001-01-01	400.0	NULL
600	emp 6 - no dept	2001-01-01	400.0	100
700	emp 7	2010-01-01	400.0	100
800	emp 8	2016-01-01	150.0	70


-- !query
SELECT *
FROM   subquery_emp AS emp
WHERE  EXISTS (SELECT max(dept.dept_id)
               FROM   subquery_dept AS dept
               WHERE  dept.dept_id <> emp.dept_id
               GROUP  BY state
               LIMIT  1)
-- !query schema
struct<id:int,emp_name:string,hiredate:date,salary:double,dept_id:int>
-- !query output
100	emp 1	2005-01-01	100.0	10
100	emp 1	2005-01-01	100.0	10
200	emp 2	2003-01-01	200.0	10
300	emp 3	2002-01-01	300.0	20
400	emp 4	2005-01-01	400.0	30
600	emp 6 - no dept	2001-01-01	400.0	100
700	emp 7	2010-01-01	400.0	100
800	emp 8	2016-01-01	150.0	70


-- !query
SELECT *
FROM   subquery_emp AS emp
WHERE  NOT EXISTS (SELECT dept.dept_name
                   FROM   subquery_dept AS dept
                   WHERE  dept.dept_id > 100
                   LIMIT  1
                   OFFSET 2)
-- !query schema
struct<id:int,emp_name:string,hiredate:date,salary:double,dept_id:int>
-- !query output
100	emp 1	2005-01-01	100.0	10
100	emp 1	2005-01-01	100.0	10
200	emp 2	2003-01-01	200.0	10
300	emp 3	2002-01-01	300.0	20
400	emp 4	2005-01-01	400.0	30
500	emp 5	2001-01-01	400.0	NULL
600	emp 6 - no dept	2001-01-01	400.0	100
700	emp 7	2010-01-01	400.0	100
800	emp 8	2016-01-01	150.0	70


-- !query
SELECT *
FROM   subquery_emp AS emp
WHERE  NOT EXISTS (SELECT max(dept.dept_id)
                   FROM   subquery_dept AS dept
                   WHERE  dept.dept_id > 100
                   GROUP  BY state
                   LIMIT  1
                   OFFSET 2)
-- !query schema
struct<id:int,emp_name:string,hiredate:date,salary:double,dept_id:int>
-- !query output
100	emp 1	2005-01-01	100.0	10
100	emp 1	2005-01-01	100.0	10
200	emp 2	2003-01-01	200.0	10
300	emp 3	2002-01-01	300.0	20
400	emp 4	2005-01-01	400.0	30
500	emp 5	2001-01-01	400.0	NULL
600	emp 6 - no dept	2001-01-01	400.0	100
700	emp 7	2010-01-01	400.0	100
800	emp 8	2016-01-01	150.0	70


-- !query
SELECT *
FROM   subquery_emp AS emp
WHERE  EXISTS (SELECT dept.dept_name
               FROM   subquery_dept AS dept
               WHERE  dept.dept_id <> emp.dept_id
               LIMIT  1
               OFFSET 2)
-- !query schema
struct<id:int,emp_name:string,hiredate:date,salary:double,dept_id:int>
-- !query output
100	emp 1	2005-01-01	100.0	10
100	emp 1	2005-01-01	100.0	10
200	emp 2	2003-01-01	200.0	10
300	emp 3	2002-01-01	300.0	20
400	emp 4	2005-01-01	400.0	30
600	emp 6 - no dept	2001-01-01	400.0	100
700	emp 7	2010-01-01	400.0	100
800	emp 8	2016-01-01	150.0	70


-- !query
SELECT *
FROM   subquery_emp AS emp
WHERE  EXISTS (SELECT dept.dept_name
               FROM   subquery_dept AS dept
               WHERE  dept.dept_id > 10
               OFFSET 2)
-- !query schema
struct<id:int,emp_name:string,hiredate:date,salary:double,dept_id:int>
-- !query output
100	emp 1	2005-01-01	100.0	10
100	emp 1	2005-01-01	100.0	10
200	emp 2	2003-01-01	200.0	10
300	emp 3	2002-01-01	300.0	20
400	emp 4	2005-01-01	400.0	30
500	emp 5	2001-01-01	400.0	NULL
600	emp 6 - no dept	2001-01-01	400.0	100
700	emp 7	2010-01-01	400.0	100
800	emp 8	2016-01-01	150.0	70


-- !query
SELECT *
FROM   subquery_emp AS emp
WHERE  EXISTS (SELECT max(dept.dept_id)
               FROM   subquery_dept AS dept
               GROUP  BY state
               OFFSET 2)
-- !query schema
struct<id:int,emp_name:string,hiredate:date,salary:double,dept_id:int>
-- !query output
100	emp 1	2005-01-01	100.0	10
100	emp 1	2005-01-01	100.0	10
200	emp 2	2003-01-01	200.0	10
300	emp 3	2002-01-01	300.0	20
400	emp 4	2005-01-01	400.0	30
500	emp 5	2001-01-01	400.0	NULL
600	emp 6 - no dept	2001-01-01	400.0	100
700	emp 7	2010-01-01	400.0	100
800	emp 8	2016-01-01	150.0	70


-- !query
SELECT *
FROM   subquery_emp AS emp
WHERE  NOT EXISTS (SELECT dept.dept_name
                   FROM   subquery_dept AS dept
                   WHERE  dept.dept_id > 100
                   OFFSET 2)
-- !query schema
struct<id:int,emp_name:string,hiredate:date,salary:double,dept_id:int>
-- !query output
100	emp 1	2005-01-01	100.0	10
100	emp 1	2005-01-01	100.0	10
200	emp 2	2003-01-01	200.0	10
300	emp 3	2002-01-01	300.0	20
400	emp 4	2005-01-01	400.0	30
500	emp 5	2001-01-01	400.0	NULL
600	emp 6 - no dept	2001-01-01	400.0	100
700	emp 7	2010-01-01	400.0	100
800	emp 8	2016-01-01	150.0	70


-- !query
SELECT *
FROM   subquery_emp AS emp
WHERE  NOT EXISTS (SELECT max(dept.dept_id)
                   FROM   subquery_dept AS dept
                   WHERE  dept.dept_id > 100
                   GROUP  BY state
                   OFFSET 2)
-- !query schema
struct<id:int,emp_name:string,hiredate:date,salary:double,dept_id:int>
-- !query output
100	emp 1	2005-01-01	100.0	10
100	emp 1	2005-01-01	100.0	10
200	emp 2	2003-01-01	200.0	10
300	emp 3	2002-01-01	300.0	20
400	emp 4	2005-01-01	400.0	30
500	emp 5	2001-01-01	400.0	NULL
600	emp 6 - no dept	2001-01-01	400.0	100
700	emp 7	2010-01-01	400.0	100
800	emp 8	2016-01-01	150.0	70
