-- Automatically generated by SQLQueryTestSuite
-- !query
SELECT * 
FROM   subquery_emp AS emp, 
       subquery_dept AS dept 
WHERE  emp.dept_id = dept.dept_id 
       AND EXISTS (SELECT * 
                   FROM   subquery_bonus AS bonus 
                   WHERE  bonus.emp_name = emp.emp_name)
-- !query schema
struct<id:int,emp_name:string,hiredate:date,salary:double,dept_id:int,dept_id:int,dept_name:string,state:string>
-- !query output
100	emp 1	2005-01-01	100.0	10	10	dept 1	CA
100	emp 1	2005-01-01	100.0	10	10	dept 1	CA
200	emp 2	2003-01-01	200.0	10	10	dept 1	CA
300	emp 3	2002-01-01	300.0	20	20	dept 2	NY
400	emp 4	2005-01-01	400.0	30	30	dept 3	TX


-- !query
SELECT * 
FROM   subquery_emp AS emp 
       JOIN subquery_dept AS dept 
         ON emp.dept_id = dept.dept_id 
WHERE  EXISTS (SELECT * 
               FROM   subquery_bonus AS bonus 
               WHERE  bonus.emp_name = emp.emp_name)
-- !query schema
struct<id:int,emp_name:string,hiredate:date,salary:double,dept_id:int,dept_id:int,dept_name:string,state:string>
-- !query output
100	emp 1	2005-01-01	100.0	10	10	dept 1	CA
100	emp 1	2005-01-01	100.0	10	10	dept 1	CA
200	emp 2	2003-01-01	200.0	10	10	dept 1	CA
300	emp 3	2002-01-01	300.0	20	20	dept 2	NY
400	emp 4	2005-01-01	400.0	30	30	dept 3	TX


-- !query
SELECT * 
FROM   subquery_emp AS emp 
       LEFT JOIN subquery_dept AS dept 
              ON emp.dept_id = dept.dept_id 
WHERE  EXISTS (SELECT * 
               FROM   subquery_bonus AS bonus 
               WHERE  bonus.emp_name = emp.emp_name)
-- !query schema
struct<id:int,emp_name:string,hiredate:date,salary:double,dept_id:int,dept_id:int,dept_name:string,state:string>
-- !query output
100	emp 1	2005-01-01	100.0	10	10	dept 1	CA
100	emp 1	2005-01-01	100.0	10	10	dept 1	CA
200	emp 2	2003-01-01	200.0	10	10	dept 1	CA
300	emp 3	2002-01-01	300.0	20	20	dept 2	NY
400	emp 4	2005-01-01	400.0	30	30	dept 3	TX
500	emp 5	2001-01-01	400.0	NULL	NULL	NULL	NULL
600	emp 6 - no dept	2001-01-01	400.0	100	NULL	NULL	NULL


-- !query
SELECT * 
FROM   subquery_emp AS emp, 
       subquery_dept AS dept 
WHERE  emp.dept_id = dept.dept_id 
       AND NOT EXISTS (SELECT * 
                       FROM   subquery_bonus AS bonus 
                       WHERE  bonus.emp_name = emp.emp_name)
-- !query schema
struct<id:int,emp_name:string,hiredate:date,salary:double,dept_id:int,dept_id:int,dept_name:string,state:string>
-- !query output
800	emp 8	2016-01-01	150.0	70	70	dept 7	FL


-- !query
SELECT * 
FROM   subquery_bonus AS bonus 
WHERE  EXISTS (SELECT * 
                 FROM   subquery_emp AS emp 
                        JOIN subquery_dept AS dept 
                          ON dept.dept_id = emp.dept_id 
                 WHERE  bonus.emp_name = emp.emp_name)
-- !query schema
struct<emp_name:string,bonus_amt:double>
-- !query output
emp 1	10.0
emp 1	20.0
emp 2	100.0
emp 2	300.0
emp 3	300.0
emp 4	100.0


-- !query
SELECT * 
FROM   subquery_bonus AS bonus 
WHERE  EXISTS (SELECT * 
                 FROM   subquery_emp AS emp 
                        RIGHT JOIN subquery_dept AS dept 
                                ON dept.dept_id = emp.dept_id 
                 WHERE  bonus.emp_name = emp.emp_name)
-- !query schema
struct<emp_name:string,bonus_amt:double>
-- !query output
emp 1	10.0
emp 1	20.0
emp 2	100.0
emp 2	300.0
emp 3	300.0
emp 4	100.0


-- !query
SELECT * 
FROM   subquery_bonus AS bonus 
WHERE  EXISTS (SELECT dept.dept_id, 
                        emp.emp_name, 
                        Max(salary), 
                        Count(*) 
                 FROM   subquery_emp AS emp 
                        JOIN subquery_dept AS dept 
                          ON dept.dept_id = emp.dept_id 
                 WHERE  bonus.emp_name = emp.emp_name 
                 GROUP  BY dept.dept_id, 
                           emp.emp_name 
                 ORDER  BY emp.emp_name)
-- !query schema
struct<emp_name:string,bonus_amt:double>
-- !query output
emp 1	10.0
emp 1	20.0
emp 2	100.0
emp 2	300.0
emp 3	300.0
emp 4	100.0


-- !query
SELECT emp_name, 
       Sum(bonus_amt) 
FROM   subquery_bonus AS bonus 
WHERE  EXISTS (SELECT emp_name, 
                        Max(salary) 
                 FROM   subquery_emp AS emp 
                        JOIN subquery_dept AS dept 
                          ON dept.dept_id = emp.dept_id 
                 WHERE  bonus.emp_name = emp.emp_name 
                 GROUP  BY emp_name 
                 HAVING Count(*) > 1 
                 ORDER  BY emp_name)
GROUP  BY emp_name
-- !query schema
struct<emp_name:string,sum(bonus_amt):double>
-- !query output
emp 1	30.0


-- !query
SELECT emp_name, 
       Sum(bonus_amt) 
FROM   subquery_bonus AS bonus 
WHERE  NOT EXISTS (SELECT emp_name, 
                          Max(salary) 
                   FROM   subquery_emp AS emp 
                          JOIN subquery_dept AS dept 
                            ON dept.dept_id = emp.dept_id 
                   WHERE  bonus.emp_name = emp.emp_name 
                   GROUP  BY emp_name 
                   HAVING Count(*) > 1 
                   ORDER  BY emp_name) 
GROUP  BY emp_name
-- !query schema
struct<emp_name:string,sum(bonus_amt):double>
-- !query output
emp 2	400.0
emp 3	300.0
emp 4	100.0
emp 5	1000.0
emp 6 - no dept	500.0


-- !query
SELECT * 
FROM   subquery_emp AS emp 
WHERE  EXISTS (SELECT * 
               FROM   subquery_dept AS dept 
               WHERE  dept_id < 30 
               UNION 
               SELECT * 
               FROM   subquery_dept AS dept 
               WHERE  dept_id >= 30 
                      AND dept_id <= 50)
-- !query schema
struct<id:int,emp_name:string,hiredate:date,salary:double,dept_id:int>
-- !query output
100	emp 1	2005-01-01	100.0	10
100	emp 1	2005-01-01	100.0	10
200	emp 2	2003-01-01	200.0	10
300	emp 3	2002-01-01	300.0	20
400	emp 4	2005-01-01	400.0	30
500	emp 5	2001-01-01	400.0	NULL
600	emp 6 - no dept	2001-01-01	400.0	100
700	emp 7	2010-01-01	400.0	100
800	emp 8	2016-01-01	150.0	70


-- !query
SELECT * 
FROM   subquery_emp AS emp 
WHERE  EXISTS (SELECT * 
                 FROM   subquery_dept AS dept 
                 WHERE  dept_id < 30 
                 INTERSECT 
                 SELECT * 
                 FROM   subquery_dept AS dept 
                 WHERE  dept_id >= 30 
                        AND dept_id <= 50)
-- !query schema
struct<id:int,emp_name:string,hiredate:date,salary:double,dept_id:int>
-- !query output



-- !query
SELECT * 
FROM   subquery_emp AS emp 
WHERE  NOT EXISTS (SELECT * 
                     FROM   subquery_dept AS dept 
                     WHERE  dept_id < 30 
                     INTERSECT 
                     SELECT * 
                     FROM   subquery_dept AS dept 
                     WHERE  dept_id >= 30 
                            AND dept_id <= 50)
-- !query schema
struct<id:int,emp_name:string,hiredate:date,salary:double,dept_id:int>
-- !query output
100	emp 1	2005-01-01	100.0	10
100	emp 1	2005-01-01	100.0	10
200	emp 2	2003-01-01	200.0	10
300	emp 3	2002-01-01	300.0	20
400	emp 4	2005-01-01	400.0	30
500	emp 5	2001-01-01	400.0	NULL
600	emp 6 - no dept	2001-01-01	400.0	100
700	emp 7	2010-01-01	400.0	100
800	emp 8	2016-01-01	150.0	70


-- !query
SELECT * 
FROM   subquery_emp AS emp 
WHERE  EXISTS (SELECT * 
                 FROM   subquery_dept AS dept 
                 EXCEPT 
                 SELECT * 
                 FROM   subquery_dept AS dept 
                 WHERE  dept_id > 50)
UNION ALL 
SELECT * 
FROM   subquery_emp AS emp 
WHERE  EXISTS (SELECT * 
                 FROM   subquery_dept AS dept 
                 WHERE  dept_id < 30 
                 INTERSECT 
                 SELECT * 
                 FROM   subquery_dept AS dept 
                 WHERE  dept_id >= 30 
                        AND dept_id <= 50)
-- !query schema
struct<id:int,emp_name:string,hiredate:date,salary:double,dept_id:int>
-- !query output
100	emp 1	2005-01-01	100.0	10
100	emp 1	2005-01-01	100.0	10
200	emp 2	2003-01-01	200.0	10
300	emp 3	2002-01-01	300.0	20
400	emp 4	2005-01-01	400.0	30
500	emp 5	2001-01-01	400.0	NULL
600	emp 6 - no dept	2001-01-01	400.0	100
700	emp 7	2010-01-01	400.0	100
800	emp 8	2016-01-01	150.0	70


-- !query
SELECT * 
FROM   subquery_emp AS emp 
WHERE  EXISTS (SELECT * 
                 FROM   subquery_dept AS dept 
                 EXCEPT 
                 SELECT * 
                 FROM   subquery_dept AS dept 
                 WHERE  dept_id > 50)
UNION
SELECT * 
FROM   subquery_emp AS emp 
WHERE  EXISTS (SELECT * 
                 FROM   subquery_dept AS dept 
                 WHERE  dept_id < 30 
                 INTERSECT 
                 SELECT * 
                 FROM   subquery_dept AS dept 
                 WHERE  dept_id >= 30 
                        AND dept_id <= 50)
-- !query schema
struct<id:int,emp_name:string,hiredate:date,salary:double,dept_id:int>
-- !query output
100	emp 1	2005-01-01	100.0	10
200	emp 2	2003-01-01	200.0	10
300	emp 3	2002-01-01	300.0	20
400	emp 4	2005-01-01	400.0	30
500	emp 5	2001-01-01	400.0	NULL
600	emp 6 - no dept	2001-01-01	400.0	100
700	emp 7	2010-01-01	400.0	100
800	emp 8	2016-01-01	150.0	70


-- !query
SELECT *
FROM   subquery_emp AS emp
WHERE  EXISTS (SELECT *
               FROM   subquery_dept AS dept
               WHERE  dept_id = emp.dept_id and state = "CA"
               UNION
               SELECT *
               FROM   subquery_dept AS dept
               WHERE  dept_id = emp.dept_id and state = "TX")
-- !query schema
struct<id:int,emp_name:string,hiredate:date,salary:double,dept_id:int>
-- !query output
100	emp 1	2005-01-01	100.0	10
100	emp 1	2005-01-01	100.0	10
200	emp 2	2003-01-01	200.0	10
400	emp 4	2005-01-01	400.0	30


-- !query
SELECT *
FROM   subquery_emp AS emp
WHERE NOT EXISTS (SELECT *
               FROM   subquery_dept AS dept
               WHERE  dept_id = emp.dept_id and state = "CA"
               UNION
               SELECT *
               FROM   subquery_dept AS dept
               WHERE  dept_id = emp.dept_id and state = "TX")
-- !query schema
struct<id:int,emp_name:string,hiredate:date,salary:double,dept_id:int>
-- !query output
300	emp 3	2002-01-01	300.0	20
500	emp 5	2001-01-01	400.0	NULL
600	emp 6 - no dept	2001-01-01	400.0	100
700	emp 7	2010-01-01	400.0	100
800	emp 8	2016-01-01	150.0	70


-- !query
SELECT *
FROM   subquery_emp AS emp
WHERE  EXISTS (SELECT *
               FROM   subquery_dept AS dept
               WHERE  dept_id = emp.dept_id and state = "CA"
               INTERSECT ALL
               SELECT *
               FROM   subquery_dept AS dept
               WHERE  dept_id = emp.dept_id and state = "TX")
-- !query schema
struct<id:int,emp_name:string,hiredate:date,salary:double,dept_id:int>
-- !query output



-- !query
SELECT *
FROM   subquery_emp AS emp
WHERE EXISTS (SELECT *
               FROM   subquery_dept AS dept
               WHERE  dept_id = emp.dept_id and state = "CA"
               INTERSECT DISTINCT
               SELECT *
               FROM   subquery_dept AS dept
               WHERE  dept_id = emp.dept_id and state = "TX")
-- !query schema
struct<id:int,emp_name:string,hiredate:date,salary:double,dept_id:int>
-- !query output



-- !query
SELECT *
FROM   subquery_emp AS emp
WHERE  EXISTS (SELECT *
               FROM   subquery_dept AS dept
               WHERE  dept_id = emp.dept_id and state = "CA"
               EXCEPT ALL
               SELECT *
               FROM   subquery_dept AS dept
               WHERE  dept_id = emp.dept_id and state = "TX")
-- !query schema
struct<id:int,emp_name:string,hiredate:date,salary:double,dept_id:int>
-- !query output
100	emp 1	2005-01-01	100.0	10
100	emp 1	2005-01-01	100.0	10
200	emp 2	2003-01-01	200.0	10


-- !query
SELECT *
FROM   subquery_emp AS emp
WHERE  EXISTS (SELECT *
               FROM   subquery_dept AS dept
               WHERE  dept_id = emp.dept_id and state = "CA"
               EXCEPT DISTINCT
               SELECT *
               FROM   subquery_dept AS dept
               WHERE  dept_id = emp.dept_id and state = "TX")
-- !query schema
struct<id:int,emp_name:string,hiredate:date,salary:double,dept_id:int>
-- !query output
100	emp 1	2005-01-01	100.0	10
100	emp 1	2005-01-01	100.0	10
200	emp 2	2003-01-01	200.0	10


-- !query
SELECT *
FROM   subquery_emp AS emp
WHERE NOT EXISTS (SELECT *
               FROM   subquery_dept AS dept
               WHERE  dept_id = emp.dept_id and state = "CA"
               INTERSECT ALL
               SELECT *
               FROM   subquery_dept AS dept
               WHERE  dept_id = emp.dept_id and state = "TX")
-- !query schema
struct<id:int,emp_name:string,hiredate:date,salary:double,dept_id:int>
-- !query output
100	emp 1	2005-01-01	100.0	10
100	emp 1	2005-01-01	100.0	10
200	emp 2	2003-01-01	200.0	10
300	emp 3	2002-01-01	300.0	20
400	emp 4	2005-01-01	400.0	30
500	emp 5	2001-01-01	400.0	NULL
600	emp 6 - no dept	2001-01-01	400.0	100
700	emp 7	2010-01-01	400.0	100
800	emp 8	2016-01-01	150.0	70


-- !query
SELECT *
FROM   subquery_emp AS emp
WHERE NOT EXISTS (SELECT *
               FROM   subquery_dept AS dept
               WHERE  dept_id = emp.dept_id and state = "CA"
               EXCEPT DISTINCT
               SELECT * 
               FROM   subquery_dept AS dept 
               WHERE  dept_id = emp.dept_id and state = "TX")
-- !query schema
struct<id:int,emp_name:string,hiredate:date,salary:double,dept_id:int>
-- !query output
300	emp 3	2002-01-01	300.0	20
400	emp 4	2005-01-01	400.0	30
500	emp 5	2001-01-01	400.0	NULL
600	emp 6 - no dept	2001-01-01	400.0	100
700	emp 7	2010-01-01	400.0	100
800	emp 8	2016-01-01	150.0	70
